<!--

First Example xml file to parse

-->

<matthewsParameters>

    <Option1>
        <runTimeSettings>this is option1</runTimeSettings>
    </Option1>

    <Option2>
        <runTimeSettings>this is option2</runTimeSettings>
    </Option2>

    <Option3>
        <runTimeSettings>this is option3</runTimeSettings>
    </Option3>

    <SubOption1>
        <SubSubOption1>
            <manifestSettings>1723</manifestSettings>
        </SubSubOption1>
    </SubOption1>

    <attributeType>0</attributeType>
    <attributeType>1</attributeType>
    <attributeType>2</attributeType>
    <attributeType>3</attributeType>
    <attributeType>4</attributeType>

</matthewsParameters>